trap,replacement notes,year,province,onekm,H_annulatus,H_leptocephalus,H_mesillae,H_carinata,M_campanulae,M_inermis,M_lapponica,M_mendica,M_inimica,M_frugalis,M_centuncularis,M_brevis,M_rotundata,M_relativa,M_pugnata,O_lignaria,O_pumila,O_tersula,O_albiventris,O_georgica,I_mexicana,A_antilope,A_spinolae,E_foraminatus,S_canadensis,S_cristatus
12,and136,2016,EBF,CarverPRopen,0,0,0,0,0,0,0,0,0,0,0,0,0,0,0,0,0,0,0,0,0,0,0,0,0,0
207,and334,2017,EBF,EagleBluffELC,0,0,0,0,0,0,0,0,0,0,0,0,0,0,0,3,5,0,0,0,0,0,2,1,1,0
234,and332,2017,EBF,BecklinCP,0,0,0,0,0,0,0,0,0,0,0,0,0,0,0,0,1,0,0,0,0,0,0,0,0,0
276,and331,2017,EBF,FrenchRP,0,0,0,0,4,0,0,0,0,0,0,0,0,2,0,0,3,0,0,0,0,0,0,0,0,0
404,and538,2018,EBF,BakerPR,0,0,0,0,0,0,0,0,0,0,0,0,0,0,0,7,0,0,0,0,0,2,0,0,0,0
446,and540,2018,LMF,"Gr.Marais,Hwy44x45",0,0,0,0,0,0,0,0,0,0,0,0,0,0,0,1,0,5,0,0,0,4,0,0,1,0
447,and536,2018,EBF,"St.Paul,USt.Thomas",0,0,0,1,3,0,0,0,0,0,0,0,0,0,0,0,0,0,0,0,0,0,0,0,0,0
452,"and539 6 relativa, ~8 carinata",2018,LMF,"Grasston,PokegamaLkRd",0,0,0,10,0,0,0,0,0,0,0,0,0,14,2,0,0,1,0,0,0,0,0,0,0,0
492,and537,2018,PP,FeltonPrairieSNA,0,0,0,4,0,0,0,0,0,0,0,0,0,0,0,0,1,2,0,0,0,0,0,0,0,0
121,and135,2016,EBF,BruceVentoNS,0,0,0,2,1,0,0,0,0,0,0,0,0,0,0,0,0,0,0,0,0,0,0,0,0,0
1,none,2016,EBF,Larpenteur/Hamline,0,0,0,0,0,0,0,0,0,0,0,0,0,0,0,0,5,0,0,0,2,0,0,0,2,0
3,none,2016,EBF,CarverPR-LNC,0,0,0,1,0,0,0,0,0,0,0,0,0,0,0,0,0,0,0,0,4,0,0,0,0,0
4,none,2016,EBF,HylandLakePR-RNC,0,0,0,0,0,0,0,0,0,0,0,0,0,0,0,0,0,0,0,0,0,6,0,0,4,0
5,none,2016,EBF,GaleWoodsFarm,0,0,0,0,0,0,0,0,0,0,0,0,0,0,0,0,0,0,0,0,1,0,0,0,0,0
6,none,2016,EBF,CarverPRwood,0,0,0,0,0,0,0,0,0,0,0,0,0,0,0,0,0,0,0,0,0,2,0,0,1,0
7,none,2016,EBF,BakerPR,0,0,0,0,0,0,0,0,0,0,0,0,0,0,0,0,0,0,0,0,0,1,0,0,0,0
8,none,2016,EBF,BakerPR,0,0,0,0,0,0,0,0,0,0,0,0,0,0,0,6,0,0,0,0,0,1,0,0,0,0
10,none,2016,EBF,ElmCreekPRopen,0,0,0,1,0,0,0,0,0,0,0,0,0,0,0,0,0,0,0,0,0,0,0,0,0,0
11,none,2016,EBF,NoerenbergGar.,0,0,1,1,0,0,0,0,0,0,0,0,0,0,0,0,0,0,0,0,0,1,0,0,0,0
13,none,2016,EBF,LandingMNRiverHer.,0,0,0,0,0,0,0,0,0,0,0,0,0,0,0,0,2,0,0,0,0,0,0,0,0,0
14,none,2016,EBF,Crow-HassanPR,0,0,0,0,0,0,0,0,0,0,0,0,0,0,0,0,0,0,0,0,4,0,0,0,0,0
15,none,2016,EBF,LakeRebeccaPR,0,0,0,0,0,0,0,0,0,0,0,0,0,0,0,0,0,0,0,0,0,1,0,0,0,0
16,none,2016,EBF,ElmCreekPR-ENCEAST,0,0,0,0,0,0,0,0,0,0,0,0,0,0,0,16,0,0,0,0,0,0,0,0,1,0
17,none,2016,EBF,MurphyHanrehanPR,0,0,0,1,0,0,0,0,0,0,0,0,0,0,0,0,2,0,0,0,0,0,0,0,1,0
18,none,2016,EBF,CoonRapidsDamRP,0,0,0,0,0,0,0,0,0,0,0,0,0,0,0,0,3,0,0,0,3,0,0,0,0,0
19,none,2016,EBF,SilverwoodP,0,0,0,0,0,0,0,0,0,0,0,0,0,0,0,0,0,0,0,0,0,0,0,0,0,0
20,none,2016,EBF,Crow-HassanPR,0,0,0,1,0,0,0,0,0,0,0,0,0,0,2,0,0,0,0,0,0,0,0,0,0,0
21,none,2016,EBF,LakeRebeccaPR,0,0,0,2,0,0,0,0,0,0,0,0,0,0,0,0,0,0,0,0,0,0,0,0,0,0
27,none,2016,EBF,TamarackNCother,0,1,0,1,1,0,0,0,0,0,0,0,0,0,1,0,0,0,0,0,0,0,0,0,0,0
28,none,2016,PP,PrairieEcologyBusCenter,0,0,0,0,0,0,0,0,0,0,0,0,0,0,0,0,0,0,0,0,0,4,0,0,0,0
29,none,2016,LMF,MNNativeLandscapes,0,0,0,2,0,0,0,0,0,0,0,0,0,0,0,0,0,0,0,0,0,0,0,0,0,0
30,none,2016,PP,LacquiParleSPnorth,0,0,0,7,1,0,0,0,0,0,0,0,0,0,0,1,0,0,0,0,5,0,0,0,0,0
31,none,2016,EBF,SavageCmP-McCollPdELC,0,0,0,6,4,0,0,0,0,0,0,0,0,5,0,0,0,0,0,0,0,0,0,0,0,0
32,none,2016,PP,SofMankato,0,0,0,4,0,0,0,0,0,0,0,0,4,0,3,0,0,0,0,0,9,0,0,1,0,0
33,none,2016,EBF,WestwoodHillsNC,0,0,0,0,0,0,0,0,0,0,0,0,0,0,0,0,0,0,0,0,0,0,0,0,0,0
34,none,2016,EBF,SherburneSWCD,0,0,0,1,0,0,0,0,0,0,0,0,0,0,0,0,0,0,0,0,0,0,0,0,0,0
35,none,2016,PP,"Mankato,KodiakLnx586Ln",0,0,0,1,0,0,0,0,0,0,0,0,0,0,0,0,0,0,0,0,4,0,0,0,0,0
36,none,2016,EBF,OakdaleNPrsv.,0,0,0,1,0,0,0,0,0,0,0,0,0,0,0,0,0,0,0,0,0,0,0,0,0,0
38,none,2016,PP,AlternativeRootsFarm,0,0,0,2,1,0,0,0,0,0,1,0,1,0,0,0,0,0,0,0,1,0,0,0,0,0
40,none,2016,EBF,EagleBluffELC,0,0,0,0,2,0,0,0,0,0,0,0,0,0,0,0,3,0,0,0,0,3,0,0,0,0
41,none,2016,EBF,MSchmidtCrawfordWdsSNA,0,0,0,0,0,0,0,0,0,0,0,0,0,0,0,0,0,0,0,0,0,3,0,0,0,0
42,none,2016,EBF,FairbaultRiverBendNC,0,0,0,0,0,0,0,0,0,0,0,0,0,0,0,0,0,0,0,0,0,0,0,0,0,0
43,none,2016,LMF,HappyDancingTurtle,0,0,0,0,0,4,0,0,0,0,0,0,0,2,0,0,0,0,0,0,0,0,0,0,0,0
44,none,2016,EBF,QuarryHillParkNC,0,0,0,1,1,0,0,0,0,0,0,0,0,1,0,0,0,0,0,0,0,0,0,0,0,0
45,none,2016,EBF,WarnerNC,0,0,0,0,0,0,0,0,0,0,0,0,0,1,0,0,0,0,0,0,0,0,0,0,0,0
46,none,2016,EBF,PrairieMoonNursery,0,1,0,6,3,0,0,0,0,0,0,0,0,0,0,0,0,0,0,0,3,1,0,0,0,0
47,none,2016,PP,DLWMD-43AveN/280StN,0,0,0,4,0,0,0,0,0,0,0,0,0,0,1,0,0,0,0,0,0,0,0,0,0,0
48,none,2016,PP,DLWMD-240st/hwy59,0,0,0,0,0,0,0,0,0,0,0,0,0,3,0,0,0,0,0,0,0,0,0,0,0,0
49,none,2016,EBF,AndersonCP,0,0,0,0,0,0,0,0,0,0,0,0,0,0,0,0,0,0,0,0,3,0,0,0,0,0
50,none,2016,EBF,BecklinCP,0,0,0,4,0,0,0,0,0,0,0,0,0,0,0,0,2,0,0,0,0,1,7,0,0,0
51,none,2016,PP,RunestoneCPn,0,0,0,0,0,0,0,0,0,0,0,0,0,0,0,0,0,0,0,0,0,0,0,0,0,0
52,none,2016,EBF,LakeBrophyCP,0,0,0,1,0,0,0,0,0,0,0,0,0,0,0,0,0,0,0,0,0,0,0,0,0,0
53,none,2016,EBF,EastBethel,0,0,0,0,0,0,0,0,0,0,0,0,0,0,0,1,0,0,0,0,0,0,0,0,0,0
54,none,2016,EBF,CarlosAveryWMA-Zodiac,0,0,0,3,0,0,0,0,0,0,0,0,0,0,0,0,3,0,0,0,0,0,0,0,0,0
55,none,2016,PP,PrairieWoodsELC,0,0,0,2,0,0,0,0,0,0,0,0,0,0,0,0,0,0,0,0,8,0,0,0,0,0
57,none,2016,EBF,CarletonCollMcNightP,0,0,0,0,0,0,0,0,0,0,0,0,0,0,0,0,0,0,0,0,0,0,0,0,0,0
59,none,2016,EBF,BlanketFlowerPrairieSNA,0,0,0,5,0,0,0,0,0,0,0,0,0,0,0,0,0,0,0,0,0,0,0,0,0,0
60,none,2016,LMF,DeepPortageLC,0,0,0,0,0,0,0,0,0,0,0,0,0,0,0,6,0,0,0,0,0,0,0,0,2,0
61,none,2016,LMF,BWCAFarmLake,0,0,0,0,0,0,0,0,0,0,0,0,0,0,0,0,0,0,0,0,0,0,0,0,0,6
63,none,2016,PP,JeralSWMA,0,0,0,5,0,0,0,0,0,0,0,0,0,0,0,0,0,0,0,0,0,0,0,0,0,0
64,none,2016,PP,BirchCouleeBattlefield,0,0,0,0,0,0,0,0,0,0,0,0,0,0,0,0,0,0,0,0,1,1,0,0,2,0
65,none,2016,EBF,ZumbroFallsWoodsSNA,0,0,0,0,0,0,0,0,0,0,0,0,0,0,0,1,4,0,0,0,0,0,0,0,2,0
66,none,2016,EBF,HastingsSandCouleeSNA,0,0,0,1,1,0,0,0,0,0,0,0,0,0,0,0,0,0,0,0,0,1,0,0,0,0
67,none,2016,PP,HamdenSloughNWR/250th,3,0,0,0,0,0,0,0,0,0,0,0,0,0,0,0,0,0,0,0,0,0,0,0,0,0
69,none,2016,LMF,LittleTooMuchLakeSNA,0,0,0,0,0,0,0,0,0,0,0,0,0,0,0,2,0,0,0,0,0,0,0,0,0,0
70,none,2016,EBF,LakeNokomisP,0,0,0,0,0,0,0,0,0,0,0,0,0,0,0,0,0,0,0,0,0,0,0,0,2,0
72,none,2016,EBF,ChimneyRockSNA,0,0,0,0,0,0,0,0,0,0,0,0,0,0,0,0,6,0,0,0,0,0,0,0,0,0
73,none,2016,LMF,BoltuckRiceForeverWildSNA,0,0,0,0,0,0,0,0,0,0,0,0,0,0,0,0,0,0,0,0,0,0,0,0,0,0
74,none,2016,LMF,LostLakePeatlandSNA,0,0,0,0,0,0,0,0,0,0,0,0,0,0,0,0,0,0,0,0,0,0,0,0,0,0
75,none,2016,PP,BlueDevilValleySNA,0,0,0,0,0,0,0,0,0,0,0,0,0,0,0,0,0,0,0,0,1,0,0,0,0,0
76,none,2016,LMF,BoulderLakeELC,0,0,0,0,0,0,0,0,0,0,0,0,0,1,0,0,0,0,0,0,0,0,0,0,0,0
77,none,2016,EBF,HelenAllisonSNA,0,0,0,0,0,0,0,0,0,0,0,0,0,0,0,0,0,0,0,0,0,0,0,0,0,0
78,none,2016,EBF,WoodRillSNA,0,0,0,0,0,0,0,0,0,0,0,0,0,0,0,0,0,0,0,0,0,0,0,0,0,0
79,none,2016,EBF,W.St.Paul-DodgeNC,0,0,0,0,0,0,0,0,0,0,0,0,0,0,0,0,0,0,0,0,3,0,0,0,0,0
80,none,2016,LMF,RedLakePeatlandSNA,0,0,0,0,0,0,0,0,0,0,0,0,0,0,0,0,0,0,0,0,0,0,0,0,1,0
81,none,2016,EBF,GreyCloudDunesSNA,0,0,0,0,0,0,0,0,0,0,0,0,0,0,0,0,0,0,0,0,0,0,0,2,0,0
82,none,2016,EBF,MiesvilleRavinePR,0,0,0,6,0,0,0,0,0,0,0,0,0,0,0,0,0,0,0,0,0,0,0,0,0,0
83,none,2016,LMF,PurvisLake-OberSNA,0,0,0,0,0,0,0,0,0,0,0,0,0,0,0,0,0,0,0,0,0,0,0,0,0,0
84,none,2016,EBF,ClearLakeSNA,0,0,0,1,0,0,0,0,0,0,0,0,0,0,0,0,0,0,0,0,0,0,0,0,0,0
85,none,2016,PP,SibleySP,0,0,0,2,0,0,0,0,0,0,0,0,0,0,1,0,0,0,0,0,12,0,0,0,0,0
86,none,2016,LMF,ThreeIslandLakeCPnorth,0,0,0,0,0,0,0,0,0,0,0,0,0,0,0,0,0,0,0,0,0,1,0,0,5,0
87,none,2016,LMF,MelvilleMazeRA,0,0,0,0,0,0,0,0,0,0,0,0,0,0,0,0,0,0,0,0,0,0,0,0,0,0
88,none,2016,EBF,StOlafColl.,0,0,0,0,3,0,0,0,0,0,0,0,0,0,0,0,0,0,0,0,0,0,0,0,0,0
89,none,2016,EBF,StCroixSavannaSNA,0,0,0,0,0,0,0,0,0,0,0,0,0,0,0,0,0,0,0,0,0,1,0,0,0,0
90,none,2016,EBF,ChamberlainWoodsSNA,0,0,0,0,0,0,0,0,0,0,0,0,0,3,0,0,1,0,0,0,0,0,0,0,0,0
91,none,2016,EBF,WolsfeldWoodsSNA,0,0,0,0,0,0,0,0,0,0,0,0,0,0,0,0,0,0,0,0,0,0,0,0,0,0
92,none,2016,PP,RoscoePrairieSNA,0,0,0,0,0,0,0,0,0,0,0,0,0,0,0,0,0,0,0,0,0,0,0,0,0,0
93,none,2016,PP,FeltonPrairieSNAsouth,0,0,0,3,0,0,0,0,0,0,0,0,0,1,5,0,0,0,0,0,0,1,0,0,0,0
94,none,2016,EBF,BlainePreserveSNA,0,0,0,1,0,0,0,0,0,0,0,0,0,2,0,0,6,0,0,0,0,0,0,0,0,0
95,none,2016,EBF,QuarryParkSNA,0,0,0,0,0,0,0,0,0,0,0,0,0,1,2,0,0,0,0,0,0,0,0,0,0,0
96,none,2016,LMF,SpragueCreekPeatlandSNA,0,0,0,0,0,0,0,0,0,0,0,0,0,0,0,0,0,0,0,0,0,0,0,0,0,0
97,none,2016,EBF,UncasDunesSNA,0,0,0,0,0,0,0,0,0,0,0,0,0,0,0,0,0,0,0,0,0,0,0,0,0,0
99,none,2016,EBF,StOlafUPrRemStanton,0,0,0,0,0,0,0,0,0,0,0,0,0,0,0,0,0,0,0,0,0,0,0,1,0,0
102,none,2016,LMF,RognlienMemorialP,0,0,0,0,0,0,0,0,0,0,0,0,0,0,0,0,0,0,0,0,0,0,0,0,0,1
103,none,2016,EBF,SpruceHill-BigSpruceSWMA,0,0,0,0,0,0,0,0,0,0,0,0,0,0,0,0,0,0,0,0,0,0,0,0,0,0
104,none,2016,PP,PrairieWoodsELC,0,0,0,0,0,0,0,0,0,0,0,0,0,0,0,0,0,0,0,0,0,0,0,0,2,0
106,none,2016,LMF,WolfRidgeELCFarm,0,0,0,0,0,0,1,0,0,0,0,0,0,0,0,2,0,0,0,0,0,0,0,0,0,0
107,none,2016,LMF,RoundRiverFarm,0,0,0,0,0,0,0,0,0,0,0,0,0,0,0,0,0,0,0,0,0,0,0,0,0,0
108,none,2016,EBF,CarltonArbTrail,0,0,0,3,0,0,0,0,0,0,0,0,0,0,3,0,0,0,0,0,6,0,0,0,0,0
109,none,2016,EBF,SavageFenSNA,0,0,0,0,0,0,0,0,0,0,0,0,0,0,0,0,0,0,0,0,0,0,0,0,0,0
110,none,2016,EBF,SpringCreekPrairieSNA,0,0,0,1,0,0,0,0,0,0,0,0,0,0,3,0,1,0,0,0,2,0,0,0,0,0
111,none,2016,EBF,N.MississippiRP,0,0,2,1,0,0,0,0,0,0,0,0,0,0,0,0,0,0,0,0,0,0,0,0,0,0
112,none,2016,EBF,hwy47/GreenValleyRd,0,0,0,6,0,0,0,0,0,0,0,0,0,0,0,0,0,0,0,0,0,0,0,0,0,0
113,none,2016,PP,"Comfrey,WoodLakeSWMA",0,0,1,2,0,0,0,0,0,0,0,0,0,0,0,0,0,0,0,0,0,0,0,0,0,0
114,none,2016,PP,JudsonTreeFarm,0,0,0,0,0,0,0,0,0,0,0,0,0,0,0,0,0,0,0,0,0,0,0,0,0,0
115,none,2016,EBF,LebanonHillsRP,0,0,0,0,0,0,0,0,0,0,0,0,0,2,0,0,3,0,0,0,0,0,0,0,0,0
116,none,2016,EBF,SpringLakeRP,0,0,0,2,0,0,0,1,0,0,0,0,0,0,0,1,0,0,0,0,2,1,0,0,0,0
117,none,2016,EBF,LebanonHillsRP,0,0,0,1,0,0,0,0,0,0,0,0,0,0,0,0,0,0,0,0,2,0,0,0,0,0
118,none,2016,EBF,MiesvilleRavinePR,0,0,0,1,0,0,0,0,0,0,0,0,0,0,0,9,0,0,0,0,1,0,0,0,0,0
119,none,2016,EBF,Cedarlake,0,0,0,0,1,0,0,0,0,0,0,0,0,0,0,0,0,0,0,0,1,0,0,0,0,0
120,none,2016,EBF,MNValleyNWR-VC,0,0,0,0,0,0,0,0,0,0,0,0,0,0,0,2,2,0,0,0,12,0,0,0,0,0
123,none,2016,EBF,RiceLakeSavannaSNA,0,0,0,4,1,0,0,0,0,0,0,0,0,0,0,0,0,0,0,0,0,0,0,0,0,0
124,none,2016,EBF,BelwinConsv.,0,0,0,1,0,0,0,0,0,0,0,0,0,1,5,0,2,0,0,0,0,0,0,0,1,0
126,none,2016,PP,BeaverFallsCP,0,0,0,0,0,0,0,0,0,0,0,0,0,0,0,0,0,0,0,0,0,0,0,0,0,0
127,none,2016,PP,CampTownP-MackLake,0,0,0,0,0,0,0,0,0,0,0,0,0,0,0,0,0,0,0,0,0,0,0,0,0,0
128,none,2016,PP,SkalbekkenCP,0,0,0,0,2,0,0,0,0,0,0,0,0,0,0,0,0,0,0,0,0,0,0,0,0,0
137,none,2016,EBF,CrepeauNPrsv.,0,0,0,0,0,0,0,0,0,0,0,0,0,0,0,0,0,0,0,0,0,2,0,0,0,0
25,none,2017,EBF,CedarCreekESR,0,0,0,4,0,0,0,0,0,0,0,0,0,0,0,0,0,0,0,0,3,0,0,0,0,0
200,none,2017,LMF,FondDuLacTribalComCols,0,0,0,1,0,2,0,0,0,0,0,0,0,8,0,1,0,1,0,0,0,0,0,0,3,0
201,none,2017,LMF,LostRiverSF,0,0,0,0,0,0,0,0,0,0,0,0,0,0,0,0,0,0,0,0,0,0,0,0,0,0
203,none,2017,EBF,"ParkersPrairie,LakeMaryn",0,0,0,0,0,0,0,0,0,0,0,0,0,0,0,5,0,0,0,0,0,3,0,0,0,0
204,none,2017,LMF,WolfRidgeELC,0,0,0,0,0,0,0,0,0,0,0,0,0,0,0,0,0,2,0,0,0,0,0,0,0,0
205,none,2017,LMF,LittleTooMuchLakeSNA,0,0,0,0,0,0,0,0,0,0,0,0,0,0,0,12,0,5,0,0,0,0,0,0,0,0
206,none,2017,EBF,SpringCreekPrairieSNA,0,0,0,2,0,0,0,0,0,0,0,0,0,0,0,8,10,0,0,0,0,0,0,0,0,0
208,none,2017,PP,UlenStateWMA,0,0,0,5,0,0,0,0,0,0,0,0,0,1,1,0,0,1,0,0,0,0,0,0,0,0
209,none,2017,EBF,ChamberlainWoodsSNA,0,0,0,0,0,0,0,0,0,0,0,0,0,0,0,1,4,0,0,0,0,0,0,0,2,0
210,none,2017,PP,FeltonPrairieSNA,0,0,0,1,0,0,0,0,0,0,0,0,0,1,0,0,0,0,0,0,0,0,0,0,0,0
211,none,2017,EBF,ClearLakeSNA,0,0,0,4,0,0,0,0,0,0,0,0,0,0,0,0,0,0,0,0,0,0,0,0,0,0
212,none,2017,EBF,QuarryParkSNA,0,0,0,0,0,0,0,0,0,0,0,0,0,0,0,0,0,0,0,0,0,0,0,0,0,0
213,none,2017,PP,JudsonTreeFarm,0,0,0,0,0,0,0,0,0,0,0,0,0,0,0,0,0,0,0,0,0,0,0,0,0,0
214,none,2017,PP,SofMankato,0,0,0,1,0,0,0,0,0,0,0,0,2,0,6,0,0,0,0,0,2,0,1,1,0,0
215,none,2017,LMF,OrganicConsumersAssoc,0,0,0,0,0,0,0,0,0,0,0,0,0,0,0,5,0,0,0,0,0,0,0,0,0,5
217,none,2017,PP,"Tansem,Rollag",0,0,0,1,0,0,0,0,0,0,0,0,0,0,0,0,0,0,0,0,0,0,0,0,0,0
218,none,2017,EBF,SavageCmP-McCollPdELC,0,0,0,4,2,0,0,0,0,0,0,0,2,0,1,0,0,0,0,0,7,0,0,0,0,0
219,none,2017,EBF,CarlosAveryWMA-Zodiac,0,0,0,7,0,0,0,0,0,0,0,0,0,0,0,1,0,0,0,0,7,0,0,0,0,0
220,none,2017,LMF,MississippiHeadwatersNF-HH,0,0,0,0,0,0,0,0,0,0,0,0,0,0,0,0,0,0,0,0,0,0,0,0,0,0
221,none,2017,EBF,LakeRachel,0,0,0,1,2,0,0,0,0,0,0,0,0,0,3,0,0,0,0,0,1,0,0,0,0,0
222,none,2017,LMF,ThreeIslandLakeCPsouth,0,0,0,0,0,0,0,0,0,0,0,0,0,0,0,5,0,2,0,0,0,0,0,0,0,0
223,none,2017,EBF,"Ashby,LakeChristina",0,0,0,2,0,0,0,0,0,0,0,0,0,0,0,0,0,0,0,0,3,0,0,0,0,0
224,none,2017,EBF,EastBethel,0,0,0,0,0,0,0,0,0,0,0,0,0,0,0,0,1,0,0,0,0,0,0,0,0,0
225,none,2017,EBF,SherburneSWCD,0,0,0,0,0,0,0,0,0,0,0,0,0,0,0,0,0,0,0,0,0,0,0,0,0,0
226,none,2017,EBF,UncasDunesSNA,0,0,0,0,0,0,0,0,0,0,0,0,0,0,0,0,0,0,0,0,0,0,0,0,0,0
227,none,2017,EBF,CherokeeRP,0,0,0,0,0,0,0,0,0,0,0,0,0,0,0,0,0,0,0,0,0,0,0,0,1,0
228,none,2017,TAP,LakeBronson,0,0,0,0,0,0,0,0,0,0,0,0,0,1,0,0,0,1,0,0,0,0,0,0,0,0
229,none,2017,PP,AlternativeRootsFarm,0,1,0,1,3,0,0,0,0,0,0,0,0,0,0,0,0,0,0,0,4,0,0,0,0,0
230,none,2017,PP,NewLondon-S SchNA,0,0,0,1,0,0,0,0,0,0,0,0,0,0,0,0,0,0,0,0,2,0,0,0,0,0
232,none,2017,LMF,MississippiHeadwatersNF-BD,0,0,0,0,0,0,0,0,0,0,0,0,0,0,0,0,0,0,0,0,0,0,0,0,0,0
233,none,2017,LMF,"Bemidji,229Ave.xTreeBarkDr.",0,0,0,0,0,0,0,0,0,0,0,0,0,0,0,9,0,0,0,0,0,0,0,0,2,0
235,none,2017,EBF,AndersonCP,0,0,0,5,0,0,0,0,0,0,0,0,0,0,6,0,0,0,0,0,0,0,0,0,3,0
236,none,2017,LMF,"Duluth,MacFarlaneRD",0,0,0,0,0,0,0,0,0,0,0,0,0,0,0,0,0,0,0,0,0,2,0,0,0,0
237,none,2017,EBF,MNValleyNWR-VC,0,0,0,0,0,0,0,0,0,0,0,0,0,0,0,0,0,0,0,0,0,2,0,0,0,0
238,none,2017,EBF,HardwoodCreekWMA,0,0,0,0,0,0,0,0,0,0,0,0,0,0,1,0,0,0,0,0,0,0,0,0,0,0
239,none,2017,LMF,"Taft,Fredenberg",0,0,0,0,0,0,0,0,0,0,0,0,0,0,0,3,0,0,0,0,0,0,0,0,0,0
240,none,2017,EBF,"Medina,MooneyLake",0,0,0,0,0,0,0,0,0,0,0,0,0,0,0,1,0,0,0,0,0,0,0,0,0,0
241,none,2017,EBF,LakeNokomisP,0,0,0,0,2,0,0,0,0,0,0,0,0,0,0,0,0,0,0,0,0,0,0,0,0,0
242,none,2017,EBF,WestwoodHillsNC,0,0,0,0,0,0,0,0,0,0,0,0,0,0,0,0,6,0,0,0,2,3,0,0,3,0
243,none,2017,PP,PrairieWoodsELC,0,0,0,0,0,0,0,0,0,0,0,0,0,0,0,0,0,0,0,0,0,0,0,1,0,0
244,none,2017,EBF,"Dassel, 240St.x726Ave.",0,0,0,8,0,0,0,0,0,0,0,0,0,0,0,0,0,0,0,0,0,0,0,0,0,0
245,none,2017,EBF,ArdenHillsIslandBeachClub,0,0,0,0,0,0,0,0,0,0,0,0,0,0,0,0,0,0,0,0,0,0,0,0,0,0
246,none,2017,EBF,QuarryHillParkNC,0,0,0,0,0,0,0,0,0,0,0,0,0,0,0,0,0,0,0,0,0,0,0,0,0,0
247,none,2017,LMF,"Saginaw,CanosiaRdxPineRv",0,0,0,0,0,0,0,0,0,0,0,0,0,0,0,9,0,2,0,0,0,0,0,0,0,0
248,none,2017,EBF,PrairieMoonNursery,0,1,0,2,0,0,0,0,0,0,0,0,0,0,0,0,0,0,0,0,5,0,0,0,0,0
249,none,2017,EBF,"PriorLake,JeffersPonds",0,0,0,0,0,0,0,0,0,0,0,0,0,0,0,0,1,0,0,0,0,0,0,0,0,0
250,none,2017,PP,PrairieEcologyBusCenter,0,0,0,0,0,0,0,0,0,0,0,0,0,0,0,0,0,0,0,0,0,0,0,0,2,0
251,none,2017,PP,"Mankato,KodiakLnx586Ln",0,0,0,0,0,0,0,0,0,0,0,0,0,0,0,0,0,0,0,0,6,0,0,0,0,0
252,none,2017,LMF,BWCAFarmLake,0,0,0,0,0,0,0,0,0,0,0,0,0,0,0,4,0,0,0,0,0,0,0,0,0,5
253,none,2017,EBF,AndersonCP,0,0,0,3,0,0,0,0,0,0,0,0,0,0,0,0,0,0,0,0,2,0,0,0,0,0
254,none,2017,PP,LaqQuiParleSP,0,0,0,7,0,0,0,0,0,0,0,0,0,0,0,9,0,0,0,0,0,0,0,0,0,0
255,none,2017,EBF,ZumbroFallsWoodsSNA,0,0,0,0,0,0,0,0,0,0,0,0,0,0,0,16,0,0,0,0,0,0,1,0,1,0
256,none,2017,EBF,CedarCreekCA,0,0,0,0,0,0,0,0,0,0,0,0,0,2,0,0,0,0,0,0,0,0,0,0,0,0
257,none,2017,PP,"Comfrey,WoodLakeSWMA",0,0,0,0,0,0,0,0,0,0,0,0,0,0,0,0,0,0,0,0,4,0,0,0,0,0
258,none,2017,LMF,HappyDancingTurtle,0,0,0,4,0,0,0,0,0,0,0,0,0,0,0,0,0,0,0,0,0,0,0,0,0,0
259,none,2017,EBF,NoerenbergGar.,0,0,0,0,0,0,0,0,0,0,0,0,0,0,0,2,0,0,0,0,0,0,0,0,0,0
260,none,2017,EBF,ElmCreekPRwooded,0,0,0,0,0,0,0,0,0,0,0,0,0,0,0,12,0,0,0,0,0,0,0,0,0,0
261,none,2017,EBF,HylandLakePR-RNC,0,0,0,0,0,0,0,0,0,0,0,0,0,0,0,6,0,0,0,0,0,0,0,0,0,0
262,none,2017,EBF,SilverwoodP,0,0,0,1,1,0,0,0,0,0,0,0,0,0,0,4,0,0,0,0,0,0,0,0,0,0
263,none,2017,EBF,ElmCreekPR-ENC,0,0,0,0,0,0,0,0,0,0,0,0,0,0,0,15,0,0,0,0,0,0,0,0,2,0
264,none,2017,EBF,LakeRebeccaPR,0,0,0,0,0,0,0,0,0,0,0,0,0,0,0,0,0,0,0,0,0,1,0,0,0,0
265,none,2017,EBF,LandingMNRiverHer.,0,0,0,1,5,0,0,0,0,0,0,0,0,0,0,0,0,0,0,0,0,0,0,0,0,0
266,none,2017,EBF,CarverPRopen,0,0,0,4,2,0,0,0,0,0,0,0,0,1,2,0,0,0,0,0,0,0,0,0,0,0
267,none,2017,EBF,Crow-HassanPR,0,0,0,4,0,0,0,0,0,0,0,0,0,0,0,0,0,0,0,0,0,0,0,1,0,0
268,none,2017,EBF,BakerPR,0,0,0,0,0,0,0,0,0,0,0,0,0,0,0,1,0,0,0,0,0,1,0,0,0,0
269,none,2017,EBF,Crow-HassanPR,0,0,0,2,0,0,0,0,0,0,0,0,0,0,0,1,0,0,0,0,0,0,0,0,0,0
270,none,2017,EBF,StCroixSavannaSNA,0,0,0,0,0,0,0,0,0,0,0,0,0,0,0,0,3,0,0,0,0,0,0,0,0,0
271,none,2017,PP,RoscoePrairieSNA,0,0,0,1,0,0,0,0,0,0,0,0,0,0,0,0,0,0,0,0,1,0,0,0,1,0
272,none,2017,EBF,SavageFenSNA,0,0,0,5,0,0,0,4,0,0,0,0,0,0,0,1,0,0,0,0,0,0,0,0,0,0
273,none,2017,EBF,GreyCloudDunesSNA,0,0,0,0,1,0,0,0,0,0,0,0,0,0,0,0,4,0,0,0,10,0,0,0,2,0
274,none,2017,PP,SibleySP,0,0,0,3,0,0,0,0,0,0,0,0,0,0,8,0,0,0,0,0,3,0,0,0,0,0
275,none,2017,EBF,CarverPRwood,0,0,0,0,0,0,0,0,0,0,0,0,0,0,0,15,0,0,0,0,0,0,1,0,0,0
277,none,2017,EBF,MurphyHanrehanPR,0,0,0,6,2,0,0,0,0,0,0,0,0,0,0,0,2,0,0,0,4,0,0,0,0,0
278,none,2017,EBF,CoonRapidsDamRP,0,0,0,0,0,0,0,0,0,0,0,0,0,0,0,0,7,0,0,0,0,0,0,0,0,0
279,none,2017,EBF,ElmCreekPRopen,0,0,0,0,0,0,0,0,0,0,0,0,0,0,0,0,2,2,0,0,5,0,3,0,0,0
280,none,2017,EBF,LakeRebeccaPR,0,0,0,6,0,0,0,0,0,0,0,0,0,0,2,0,0,0,0,0,0,0,0,0,0,0
281,none,2017,EBF,MurphyHanrehanPR,0,0,0,0,0,0,0,0,0,0,0,0,0,0,0,0,0,0,0,0,0,1,0,0,0,0
282,none,2017,EBF,CarverPR-LNC,0,0,0,2,1,0,0,0,0,0,0,0,0,0,5,4,0,0,0,0,6,0,0,0,0,0
283,none,2017,EBF,GaleWoodsFarm,0,0,0,1,0,0,0,0,0,0,0,0,1,0,0,0,0,0,0,0,5,0,0,0,0,0
284,none,2017,EBF,BakerPR,0,0,0,0,0,0,0,0,0,0,0,0,0,0,0,9,0,0,0,0,0,0,0,0,0,0
285,none,2017,EBF,SandCouleeSNA,0,0,0,6,1,0,0,0,0,0,0,0,0,0,0,0,0,0,0,0,0,0,0,1,0,0
286,none,2017,LMF,DeepPortageLC,0,0,0,0,0,0,0,0,0,0,0,0,0,0,0,17,0,0,0,0,0,0,0,0,3,0
287,none,2017,LMF,LostLakePeatlandSNA,0,0,0,0,0,0,0,0,0,0,0,0,0,0,0,0,0,0,0,0,0,0,0,0,0,0
288,none,2017,EBF,ChimneyRockSNA,0,0,0,0,0,0,0,0,0,0,0,0,0,0,0,0,1,0,0,0,1,0,1,0,2,0
289,none,2017,PP,MinneopaSP,0,0,0,1,0,0,0,0,0,0,0,0,0,0,0,18,0,0,0,0,0,0,0,0,0,0
290,none,2017,EBF,"BlmgPr.,Hwy30xCedarRv",0,0,0,0,0,1,0,0,0,0,0,0,0,17,0,0,0,0,0,0,0,0,0,0,0,0
291,none,2017,LMF,"Chester,St.Scholastica",0,0,0,1,0,0,0,0,0,0,0,0,0,0,0,0,0,0,0,0,0,0,0,0,0,0
292,none,2017,LMF,"Chester,St.Scholastica",0,0,0,0,0,0,0,0,0,0,0,0,0,1,0,0,0,0,0,0,0,0,0,0,0,0
293,none,2017,EBF,CarletonCollMcNightP,0,0,0,0,3,0,0,0,0,0,0,0,0,0,0,0,0,0,0,0,4,0,0,0,0,0
294,none,2017,EBF,CarltonArbTrail,0,0,0,4,0,0,0,0,0,0,0,0,0,0,9,0,5,0,0,0,2,0,0,0,0,0
295,none,2017,LMF,"Duluth,Glensheen",0,0,0,1,0,0,0,0,0,0,0,0,0,4,0,0,0,2,0,0,0,0,0,0,0,1
296,none,2017,LMF,HartleyNC,0,0,0,3,0,0,0,0,0,0,0,0,2,2,1,15,0,0,0,0,0,0,0,0,1,0
297,none,2017,LMF,"Pierz,265x235Ave",0,0,0,0,0,0,0,0,0,0,0,0,0,0,0,0,0,0,0,0,0,0,0,0,0,0
298,none,2017,EBF,CraneMeadowsNWR,0,0,0,2,0,0,0,0,0,0,0,0,0,0,0,0,0,2,0,0,0,0,0,0,0,0
299,none,2017,EBF,MNZooWest,0,0,0,1,0,0,0,0,0,0,0,0,0,0,0,0,0,0,0,0,0,0,0,0,0,0
300,none,2017,PP,"Glenwood,Selnesx270St",0,4,0,2,0,0,0,0,0,0,0,0,3,0,0,0,0,0,0,0,2,0,0,0,0,0
301,none,2017,EBF,SpruceHill-BigSpruceSWMA,0,0,0,0,0,0,0,0,0,0,0,0,0,0,0,0,0,0,0,0,0,0,0,0,0,0
302,none,2017,EBF,LakeBrophyCP,0,0,0,2,0,0,0,0,0,0,0,0,0,0,0,0,0,0,0,0,0,0,0,0,0,0
303,none,2017,PP,RunestoneCPs,0,0,0,0,0,0,0,0,0,0,0,0,0,0,0,0,0,0,0,0,0,0,0,0,0,0
304,none,2017,PP,BigStoneLkSPBonanza,0,0,0,3,0,0,0,0,0,0,0,0,0,0,0,0,0,0,0,0,5,0,0,0,0,0
305,none,2017,PP,UpperSiouxAgencySP,0,0,0,0,2,0,0,0,0,0,0,0,1,0,3,0,0,0,0,0,4,0,0,0,3,0
307,none,2017,LMF,RumRiverSF,0,0,0,0,0,0,0,0,0,0,0,0,0,0,0,24,0,0,0,0,0,0,0,0,0,0
308,none,2017,PP,JeffersPetroglyphs,0,0,0,0,0,0,0,0,0,0,0,0,0,0,0,0,0,0,0,0,4,0,0,8,0,0
309,none,2017,EBF,NorthMankatoyard,0,0,0,0,2,0,0,0,0,0,0,0,0,0,0,0,0,0,0,0,0,0,0,0,0,0
310,none,2017,LMF,RoundRiverFarm,0,0,0,0,0,0,0,0,0,0,0,0,0,0,0,0,0,0,0,0,0,0,0,0,0,0
311,none,2017,EBF,BlanketFlowerPrairieSNA,0,0,0,0,0,0,0,0,0,0,0,0,0,0,0,0,0,0,0,0,0,0,0,0,0,0
312,none,2017,EBF,BlanketFlowerPrairieSNA,0,0,0,0,0,0,0,0,0,0,0,0,0,0,0,0,0,0,0,0,0,0,0,0,0,0
313,none,2017,LMF,"KabetogamaSF,WakemupBay",0,0,0,0,0,0,0,0,0,0,0,0,0,0,0,0,0,0,0,0,0,0,0,0,0,3
314,none,2017,PP,"Callaway,hwy159x310st",0,0,0,2,0,0,0,0,0,0,0,0,0,0,0,0,0,0,0,0,0,0,0,0,0,0
315,none,2017,PP,"Hitterdal,120Ave.x260st",0,0,0,1,1,0,0,0,0,0,0,0,0,0,0,0,0,0,0,0,0,0,0,0,0,0
316,none,2017,PP,nearBejouSWMA,0,0,0,5,0,0,0,0,0,0,0,0,0,3,5,0,0,1,0,0,0,0,0,0,1,0
317,none,2017,PP,"Gary,Hwy7x390St.",0,0,0,1,0,3,0,0,0,0,0,0,0,0,0,0,0,0,0,0,0,0,0,0,0,0
319,none,2017,EBF,Perham,0,0,0,0,0,0,0,0,0,0,0,0,0,0,0,0,0,0,0,0,0,0,0,0,0,0
320,none,2017,PP,PrairieWoodsELC,0,0,0,3,0,0,0,0,0,0,0,0,0,0,0,0,0,0,0,0,0,0,0,0,1,0
321,none,2017,PP,PrairieWoodsELC,0,0,0,0,0,0,0,0,0,0,0,0,0,0,0,0,0,0,0,0,0,0,0,0,0,0
323,none,2017,EBF,LebanonHillsRP,0,0,0,5,6,0,0,0,0,0,0,0,0,0,0,0,0,0,0,0,0,0,0,0,0,0
324,none,2017,EBF,MiesvilleRavinePR,0,0,0,0,0,0,0,0,0,0,0,0,0,0,0,1,6,0,0,0,0,0,0,0,0,0
325,none,2017,EBF,SpringLakeRP,0,0,0,0,0,0,0,0,0,0,0,0,0,0,0,0,0,0,0,0,0,0,0,0,0,0
326,none,2017,EBF,CedarCreekESR,0,0,0,1,0,0,0,0,0,0,0,0,0,0,0,0,0,0,0,0,0,0,0,0,0,0
400,none,2018,EBF,N.MississippiRP,0,0,1,4,1,0,0,0,0,0,0,0,0,9,6,0,0,0,0,0,3,0,0,0,0,0
401,none,2018,EBF,Perham,0,0,0,0,1,0,0,0,0,0,0,0,0,0,0,0,0,0,0,0,0,0,0,0,0,0
402,none,2018,PP,SofMankato,0,0,0,0,0,0,0,0,0,0,0,0,0,0,0,1,0,0,0,0,3,0,0,3,0,0
403,none,2018,EBF,"BlmgPr.,Hwy30xCedarRv",0,0,0,0,0,0,0,0,0,0,0,0,0,0,0,0,0,0,0,0,4,0,0,4,0,0
405,none,2018,EBF,LakeRebeccaPR,0,0,0,0,0,0,0,0,0,0,0,0,0,0,0,14,0,0,0,0,0,2,0,0,0,0
406,none,2018,EBF,BakerPR,0,0,0,0,0,0,0,0,0,0,0,0,0,0,0,0,0,0,0,0,0,0,0,0,0,0
407,none,2018,EBF,LakeRebeccaPR,0,0,0,1,0,0,0,0,0,0,0,0,0,0,0,0,0,0,0,0,0,0,0,0,0,0
408,none,2018,EBF,HylandLakePR-RNC,0,0,0,0,0,0,0,0,0,0,0,0,0,0,0,0,0,0,0,0,0,1,0,0,0,0
409,none,2018,EBF,LandingMNRiverHer.,0,0,0,0,1,0,0,0,0,0,0,0,0,0,0,0,0,0,0,0,4,1,0,0,0,0
410,none,2018,EBF,GaleWoodsFarm,0,0,0,0,0,0,0,0,0,0,0,0,0,0,0,0,0,0,0,0,7,0,0,0,0,0
411,none,2018,EBF,CarverPR-LNC,0,0,0,2,0,0,0,0,0,0,0,0,3,0,4,0,0,0,0,0,9,0,0,0,0,0
412,none,2018,EBF,ElmCreekPR-ENC,0,0,0,0,0,0,0,0,0,0,0,0,0,0,0,14,0,0,0,0,0,1,0,0,0,0
413,none,2018,EBF,CoonRapidsDamRP,0,0,0,0,0,0,0,0,0,0,0,0,0,0,0,0,2,0,0,0,0,0,0,0,0,0
414,none,2018,EBF,NoerenbergGar.,0,0,0,0,0,0,0,0,0,0,0,0,0,0,0,6,1,0,0,0,0,4,0,0,0,0
415,none,2018,EBF,SilverwoodP,0,0,0,0,1,0,0,0,0,0,0,0,0,0,0,0,0,0,0,0,0,0,0,0,0,0
416,none,2018,EBF,ElmCreekPRopen,0,0,0,0,0,0,0,0,0,0,0,0,0,0,0,0,4,0,0,0,3,2,0,0,0,0
417,none,2018,EBF,ElmCreekPRwooded,0,0,0,0,1,0,0,0,0,0,0,0,0,0,0,17,0,0,0,0,0,0,0,0,0,0
418,none,2018,EBF,Crow-HassanPR,0,0,0,0,0,0,0,0,0,0,0,0,0,0,0,0,0,0,0,0,0,0,0,0,0,0
419,none,2018,EBF,MurphyHanrehanPR,0,0,0,6,0,0,0,0,0,0,0,0,0,0,0,0,0,0,0,0,0,0,0,0,0,0
420,none,2018,EBF,Crow-HassanPR,0,0,0,0,0,0,0,0,0,0,0,0,0,0,0,0,4,0,0,0,0,0,0,0,0,0
421,none,2018,EBF,MurphyHanrehanPR,0,0,0,0,0,0,0,0,0,0,0,0,0,0,0,0,0,0,0,0,0,0,0,0,0,0
422,none,2018,EBF,CarverPRopen,0,0,0,0,0,0,0,0,0,0,0,0,0,0,0,0,0,0,0,0,5,0,0,0,0,0
424,none,2018,EBF,FrenchRP,0,0,0,0,2,0,0,0,0,0,0,0,0,0,0,0,7,0,0,0,3,0,0,0,0,0
425,none,2018,LMF,"Taft,Fredenberg",0,0,0,0,0,0,0,0,0,0,0,0,0,2,0,0,0,4,0,0,0,0,0,0,0,0
426,none,2018,EBF,LakeRachel,0,0,0,0,0,0,0,0,0,0,0,0,0,0,0,1,0,0,0,0,0,0,0,0,0,0
427,none,2018,LMF,"KabetogamaSF,WakemupBay",0,0,0,0,0,1,0,0,0,0,0,0,0,0,0,0,0,5,0,0,1,0,0,0,0,0
428,none,2018,PP,JeffersPetroglyphs,0,0,0,1,1,0,0,0,0,0,0,0,0,0,1,0,0,0,0,0,4,1,0,0,0,0
429,none,2018,EBF,ArdenHillsIslandBeachClub,0,0,0,0,3,0,0,0,0,0,0,0,0,0,0,0,0,0,0,0,0,0,0,0,0,0
430,none,2018,EBF,"Dassel, 240St.x726Ave.",0,0,0,1,0,0,0,0,0,0,0,0,0,0,0,0,0,0,0,0,4,0,0,0,0,0
431,none,2018,PP,AlternativeRootsFarm,0,0,0,0,4,0,0,0,0,0,0,0,0,0,0,6,0,0,0,0,1,1,0,0,0,0
432,none,2018,EBF,MNValleyNWR-VC,0,0,0,2,0,0,0,0,0,0,0,0,0,0,0,0,0,0,0,0,0,0,0,0,0,0
433,none,2018,EBF,TamarackNC,0,0,0,1,0,0,0,0,0,0,0,0,11,0,6,0,4,0,0,0,0,0,0,0,0,0
434,none,2018,EBF,"Ashby,Hwy82xT-105",0,0,0,3,0,0,0,0,0,0,0,0,0,0,0,0,0,0,0,0,1,0,0,0,0,0
435,none,2018,PP,"Sleepyeye,CottonwoodRv",0,0,0,3,0,0,0,0,0,0,0,0,0,0,0,0,0,0,0,0,0,0,0,0,0,0
436,none,2018,LMF,"Saginaw,CanosiaRdxPineRv",0,0,0,0,0,0,0,0,0,0,0,0,0,0,0,5,0,1,0,0,0,0,0,0,4,0
437,none,2018,PP,NewLondon-S SchNAnorth,0,0,0,3,6,0,0,0,0,0,0,0,0,0,0,0,0,0,0,0,0,0,0,0,0,0
438,none,2018,EBF,"Prosper,120xDeerRd",0,0,0,4,0,0,0,0,0,0,0,0,0,0,1,0,0,0,0,0,1,0,0,0,0,0
439,none,2018,EBF,PilotMoundTwshp,0,0,0,0,0,0,0,0,0,0,0,0,0,2,1,5,1,0,0,0,0,0,3,0,0,0
440,none,2018,EBF,"Houston,T-243",0,0,0,0,0,0,0,0,0,0,0,0,0,0,1,0,0,0,0,0,0,0,7,2,0,0
441,none,2018,LMF,HawkRidgeNR,0,0,0,0,0,0,0,0,0,0,0,0,0,0,0,3,0,1,1,0,0,0,0,0,0,0
442,none,2018,LMF,"Bluffton,Hwy75x365st",0,0,0,0,0,0,0,0,0,0,0,0,0,0,0,2,0,0,0,0,0,1,0,0,0,0
443,none,2018,EBF,"Maine,Hwy35x74",0,0,0,1,0,2,0,0,0,0,0,0,0,0,1,0,0,0,0,0,0,5,0,0,0,0
444,none,2018,EBF,"LakeFrancis,Kingston",0,0,0,0,0,0,0,0,0,0,0,0,0,0,0,0,0,0,0,0,2,0,0,0,0,0
445,none,2018,EBF,"Minnetrista,Hwy26x110",0,0,0,0,1,0,0,0,0,0,0,0,0,0,0,0,0,0,0,0,3,0,0,0,0,0
448,none,2018,LMF,"Chester,St.Scholastica",0,0,0,0,0,0,0,0,0,0,0,0,0,0,0,0,0,0,0,0,0,0,0,0,2,0
449,none,2018,PP,Clarkfield,0,0,0,0,2,0,0,0,0,0,0,0,0,0,0,0,0,0,0,0,0,0,0,0,0,0
450,none,2018,PP,"Sunberg,165avexHwy28",0,0,0,0,0,0,0,0,0,0,1,0,0,0,0,3,0,0,0,0,4,0,0,0,2,0
451,none,2018,EBF,WestwoodHillsNC,0,0,0,0,0,0,0,0,0,0,0,0,0,0,0,0,3,0,0,0,0,0,0,0,0,0
453,none,2018,PP,"Revere,Hwy6x240st",0,0,0,2,0,0,0,0,2,0,0,0,0,0,0,0,0,0,0,0,6,1,0,0,0,0
454,none,2018,EBF,"Buffalo,BoltonDr.x35",0,0,0,2,7,0,0,0,0,0,0,0,0,0,0,0,0,0,0,0,0,0,0,0,4,0
456,none,2018,LMF,"Gr.Marais,Hwy61xxBethanyDr",0,0,0,0,0,0,0,0,0,0,0,0,0,0,0,0,0,0,0,0,0,0,0,0,0,0
457,none,2018,EBF,SavageFenSNA,0,0,0,0,0,0,0,0,0,0,0,0,1,0,0,0,0,0,0,0,0,0,0,1,0,0
458,none,2018,EBF,CarltonArbTrail,0,0,0,1,0,0,0,0,0,0,0,0,0,0,0,0,3,0,0,0,1,0,0,0,0,0
459,none,2018,LMF,GrandRapidsNE6thAve,0,0,0,0,0,0,0,0,0,0,0,0,0,0,0,0,0,6,0,0,0,0,0,0,2,0
460,none,2018,PP,RoundLakexLongLake,0,0,0,0,0,0,0,4,0,0,0,0,0,0,1,0,0,0,0,0,0,0,0,1,0,0
461,none,2018,PP,LakeCrystalHwy11xHwy20,0,0,0,0,5,0,0,0,0,0,0,0,0,0,0,0,0,0,0,0,0,2,0,0,0,0
462,none,2018,PP,NorselandBSAcamp,0,0,0,3,0,0,0,0,0,0,0,0,0,0,0,0,0,0,0,0,3,0,0,0,0,0
463,none,2018,EBF,MiesvilleRavinePR,0,0,0,0,0,0,0,0,0,0,0,0,0,0,0,0,0,0,0,0,0,1,0,0,3,0
464,none,2018,EBF,SpringLakeRP,0,0,0,0,1,0,0,0,0,0,0,0,0,2,0,0,0,0,0,0,0,0,1,0,0,0
465,none,2018,EBF,Faribault,0,0,0,0,2,0,0,0,0,0,0,0,0,0,0,1,1,0,0,0,2,0,0,0,0,0
466,none,2018,EBF,"ParkersPrairie,LakeMarys",0,0,0,0,0,0,0,0,0,0,0,0,0,0,0,21,0,2,0,0,0,1,0,0,0,0
467,none,2018,EBF,Dover,0,0,0,1,3,0,0,0,3,0,0,0,0,0,0,0,0,0,0,0,0,0,0,0,0,0
468,none,2018,PP,PipestoneNM,0,0,0,3,3,0,0,0,0,0,0,0,1,0,3,0,0,0,0,0,2,0,0,0,0,0
469,none,2018,LMF,FondDuLacTribalComCols,1,0,0,0,0,0,0,0,0,0,0,0,0,11,0,0,0,2,0,0,0,0,0,0,1,0
471,none,2018,TAP,LakeBronson,0,0,0,1,0,0,0,0,0,0,0,0,0,1,1,1,0,1,0,0,0,0,0,0,2,0
472,none,2018,PP,"BinghamLake,xHwy44",0,0,0,8,0,0,0,0,0,1,0,0,0,0,5,0,0,0,0,0,6,0,0,4,0,0
473,none,2018,PP,Nicollet,0,0,0,0,2,0,0,0,0,0,0,0,0,0,0,0,0,0,0,0,0,0,0,0,0,0
474,none,2018,LMF,MooseMountainSNA,0,0,0,0,0,0,0,0,0,0,0,0,0,0,0,0,0,1,1,0,0,0,0,0,0,0
475,none,2018,PP,CambriaWMA,0,0,0,1,0,0,0,0,0,0,0,0,0,0,9,0,0,0,0,0,0,0,0,0,0,0
476,none,2018,EBF,MiesvilleRavinePR,0,0,0,3,0,0,0,0,0,0,0,0,0,0,3,0,0,0,0,0,5,0,0,0,0,0
477,none,2018,EBF,"St.Paul,USt.Thomas",0,0,0,0,2,0,0,0,0,0,0,0,0,2,0,0,4,0,0,0,0,0,0,0,3,0
478,none,2018,EBF,LakeNokomisP,0,0,0,0,6,0,0,0,0,0,0,0,0,0,0,2,1,0,0,0,0,0,0,0,0,0
479,none,2018,EBF,St.CroixIslandsSWA,0,0,0,0,1,0,0,0,0,0,0,0,0,1,2,0,3,0,0,0,8,0,1,0,0,0
480,none,2018,EBF,"St.Paul,ComoP",0,0,0,0,0,0,0,0,0,0,0,0,0,0,0,10,5,0,0,0,0,0,0,0,0,0
481,none,2018,EBF,"Austin,JCHormelNC",0,0,0,7,0,0,0,0,0,0,0,0,0,1,0,0,0,0,0,0,7,0,0,0,0,0
482,none,2018,EBF,"Ottawa,MNRiver",0,0,0,0,0,0,0,0,0,0,0,0,0,0,0,0,3,0,0,0,0,0,0,0,0,0
483,none,2018,EBF,NorthMankatoyard,0,0,0,0,1,0,0,0,0,0,0,0,0,0,0,7,7,1,0,0,2,0,0,0,0,0
484,none,2018,EBF,MNZooEast,0,0,0,0,0,0,0,0,0,0,0,0,0,0,0,0,0,0,0,0,0,1,0,0,0,0
485,none,2018,PP,"St.James,131x370st",0,0,0,0,0,0,0,0,0,0,0,0,0,0,0,1,0,0,0,0,0,2,0,0,0,0
486,none,2018,PP,"Mankato,586LnxLeSueurRv",0,0,0,0,0,0,0,0,0,0,0,0,0,0,0,1,0,0,0,0,0,1,0,0,0,0
487,none,2018,PP,"Windom,Hwy13x490ave",0,0,0,2,0,0,0,0,0,0,0,0,0,0,0,0,0,0,0,0,0,1,0,0,0,0
488,none,2018,PP,"Windom,390Stx400ave",0,0,0,0,0,0,0,0,0,0,0,0,0,0,0,0,0,0,0,0,0,0,0,0,0,0
489,none,2018,EBF,"Cormorant,115StxHwy145",0,0,0,1,0,0,0,0,0,0,0,0,0,0,0,0,0,0,0,0,0,0,0,0,0,0
490,none,2018,EBF,BeckerSWMA,0,0,0,1,0,0,0,0,0,0,0,0,0,0,0,0,0,0,0,0,0,0,0,0,0,0
491,none,2018,PP,"Tansem,Rollag",0,0,0,0,0,0,0,0,0,0,0,0,0,0,0,0,0,0,0,0,0,0,0,0,0,0
493,none,2018,LMF,HartleyNC,0,0,0,1,0,0,0,0,0,0,0,0,0,0,0,22,0,2,0,0,0,0,0,0,0,0
494,none,2018,LMF,LakeBemidjiSP,0,0,0,0,0,0,0,0,0,0,0,0,0,0,0,0,0,0,0,0,0,0,0,0,0,0
495,none,2018,LMF,"Chester,St.Scholastica",0,0,0,0,0,0,0,0,0,0,0,0,0,0,0,0,0,0,0,0,0,0,0,0,0,0
496,none,2018,LMF,"Chester,St.Scholastica",0,0,0,6,0,0,0,0,0,0,0,0,0,0,0,3,0,1,0,0,0,0,0,0,0,0
497,none,2018,LMF,"Duluth,Glensheen",0,0,0,4,0,0,0,0,0,0,0,0,0,3,1,0,0,3,0,0,0,0,0,0,0,0
498,none,2018,LMF,"Bemidji,FrohnRdxHwy12",0,0,0,0,0,0,0,0,0,0,0,0,0,0,0,0,0,0,0,0,0,0,0,0,2,0
499,none,2018,EBF,CarlosAveryWMA-Zodiac,0,0,0,0,0,0,0,0,0,0,0,0,0,0,0,0,4,0,0,0,3,0,0,0,1,0
500,none,2018,LMF,BWCAFarmLake,1,0,0,0,0,0,0,0,0,0,0,0,0,1,0,0,0,0,0,0,0,0,0,0,0,3
501,none,2018,LMF,"Makinen,Hwy4xTownLnRd",0,0,0,0,0,0,0,0,0,0,0,0,0,2,0,15,0,4,0,0,0,1,0,0,0,0
502,none,2018,EBF,"Lewiston, HavenwoodRd",0,0,0,0,0,0,0,0,0,0,0,0,0,0,1,0,1,0,0,1,0,1,0,3,1,0
503,none,2018,LMF,"Burnett,CloquetRv",0,0,0,0,0,1,0,0,0,0,0,0,0,1,0,13,0,0,0,0,0,0,0,0,0,0
504,none,2018,PP,"Windom,DesMoinesRixHwy14",0,0,0,0,0,0,0,0,0,0,0,0,0,0,0,0,0,0,0,0,0,0,0,0,0,0
505,none,2018,PP,"Waubun,T-109",0,0,0,0,0,0,0,0,0,0,0,0,0,0,0,0,0,0,0,0,0,0,0,0,0,0
506,none,2018,LMF,"Bemidji,LamonRdxPinchberryRd",0,0,0,0,0,0,0,0,0,0,0,0,0,2,0,0,0,0,0,0,0,0,0,0,0,0
507,none,2018,LMF,HappyDancingTurtle,0,0,0,0,0,1,0,0,0,0,0,0,0,2,3,0,0,0,0,0,0,0,0,0,0,0
508,none,2018,LMF,BoulderLakeELC,0,0,0,2,0,0,0,0,0,0,0,0,0,5,0,0,0,5,0,0,0,0,0,0,0,0
509,none,2018,LMF,Duluth,0,0,0,0,0,0,0,0,0,0,0,0,0,0,0,0,0,4,0,0,0,0,0,0,0,0
510,none,2018,PP,CedarRockWMA,0,0,0,0,0,0,0,0,0,0,0,0,0,0,2,0,0,0,0,0,0,0,0,0,0,0
511,none,2018,PP,KanaranziCrkxHwy13,0,0,0,1,0,0,0,0,0,0,1,0,1,0,3,0,0,0,0,0,1,1,0,4,0,0
512,none,2018,PP,SmithLake,0,0,0,0,0,0,0,0,0,0,0,0,0,1,0,0,0,0,0,0,1,0,0,0,0,0
513,none,2018,PP,BashawSWMA,0,0,0,0,0,0,0,0,0,0,0,0,0,0,2,0,0,0,0,0,0,0,0,0,0,0
514,none,2018,EBF,LostValleySNA,0,0,0,0,2,0,0,0,0,0,0,0,0,1,0,0,0,0,0,0,0,0,0,0,0,0
515,none,2018,EBF,"Eagan,TiffanyDr",0,0,0,0,0,0,0,0,0,0,0,0,0,0,0,0,0,0,0,0,0,0,0,0,0,0
516,none,2018,EBF,UncasDunesSNA,0,0,0,0,0,0,0,0,0,0,0,0,0,1,2,0,0,1,0,0,0,0,0,0,0,0
517,none,2018,EBF,SpringCreekPrairieSNA,0,0,0,2,0,0,0,0,0,0,0,0,0,0,0,0,0,0,0,0,0,0,0,0,0,0
518,none,2018,PP,LambertonWMA,0,0,0,1,0,0,0,0,0,0,0,0,0,0,0,0,0,0,0,0,0,0,0,0,0,0
519,none,2018,EBF,BlanketFlowerPrairieSNA,0,0,0,3,0,5,0,0,0,0,0,0,0,1,0,0,0,0,0,0,0,0,0,0,0,0
520,none,2018,EBF,BlanketFlowerPrairieSNA,0,0,0,6,0,7,0,0,0,0,0,0,0,0,1,0,0,1,0,0,0,0,0,0,0,0
521,none,2018,EBF,CountryCrossingsP,0,0,0,2,0,0,0,0,0,0,0,0,0,0,0,0,5,0,0,0,0,0,0,0,0,0
522,none,2018,PP,LacquiParleSPnorth,0,0,0,6,0,0,0,0,0,0,0,0,0,0,0,0,0,0,0,0,0,5,0,0,0,0
523,none,2018,PP,"NewLondon,PointLake",0,0,0,0,0,0,0,0,0,0,0,0,0,1,0,0,0,0,0,0,0,0,0,0,0,0
524,none,2018,LMF,LostRiverSF,0,0,0,0,0,0,0,0,0,0,0,0,0,0,1,0,0,0,0,0,0,0,0,0,0,0
525,none,2018,PP,"Correll,Hwy12xHwy36",0,0,0,0,0,0,0,0,0,0,0,0,0,0,1,0,0,1,0,0,0,0,0,1,0,0
526,none,2018,PP,UpperSiouxAgencySP,0,0,0,0,0,0,0,0,0,0,0,0,0,0,1,3,0,0,0,0,2,0,0,0,0,0
527,none,2018,EBF,QuarryParkSNA,0,0,0,0,0,0,0,0,0,0,0,0,0,0,1,0,0,0,0,0,0,0,0,0,0,0
528,none,2018,EBF,ClearLakeSNA,0,0,0,0,2,0,0,0,0,0,0,0,0,0,0,0,0,0,0,0,0,0,0,0,1,0
529,none,2018,EBF,WhitewaterSP,0,0,0,1,1,0,0,0,0,0,0,0,3,0,5,0,0,0,0,0,1,0,0,0,0,0
530,none,2018,LMF,LittleTooMuchLakeSNA,0,0,0,0,0,0,0,0,0,0,0,0,0,0,0,17,0,1,0,0,0,0,0,0,0,0
531,none,2018,EBF,SandCouleeSNA,0,0,0,3,0,0,0,0,0,0,0,0,0,0,0,0,0,0,0,0,6,0,0,0,0,0
532,none,2018,PP,Sanborn,0,0,0,6,0,0,0,0,0,0,0,0,0,0,0,0,0,0,0,0,0,0,0,0,0,0
533,none,2018,EBF,"Preston,StPaulStxFarmerSt",0,0,0,2,0,0,0,0,0,0,0,0,0,0,0,0,4,0,0,0,0,0,0,0,0,0
534,none,2018,PP,"IowaLk,BSACedarPt",0,0,0,0,0,0,0,0,0,0,0,0,0,0,1,0,0,0,0,0,0,0,0,0,0,0
535,none,2018,EBF,CarletonCollMcNightP,0,0,0,0,0,0,0,0,0,0,0,0,0,0,0,0,0,0,0,0,2,0,0,0,0,0
9,none,2016,EBF,ElmCreekPRwooded,0,0,0,0,0,0,0,0,0,0,0,0,0,0,0,0,0,0,0,0,0,0,0,0,0,0
22,none,2016,EBF,MurphyHanrehanPR,0,0,0,0,0,0,0,0,0,0,0,0,0,0,0,0,0,0,0,0,0,0,0,0,0,0
26,none,2017,EBF,CedarCreekESR,0,0,0,0,0,0,0,0,0,0,0,0,0,0,0,0,0,0,0,0,0,0,0,0,0,0
37,none,2016,EBF,StJohn'sUArb.,0,0,0,0,0,0,0,0,0,0,0,0,0,0,0,0,0,0,0,0,0,0,0,0,0,0
39,none,2016,PP,ShalomHillFarm,0,0,0,0,0,0,0,0,0,0,0,0,0,0,0,0,0,0,0,0,0,0,0,0,0,0
56,none,2016,PP,PrairieWoodsELC,0,0,0,0,0,0,0,0,0,0,0,0,0,0,0,0,0,0,0,0,0,0,0,0,0,0
336,none,2017,PP,NorthMankato,0,0,0,0,0,0,0,0,0,0,0,0,0,0,0,0,0,0,0,0,0,0,0,0,0,0
423,none,2018,EBF,CarverPRwood,0,0,0,0,0,0,0,0,0,0,0,0,0,0,0,0,0,0,0,0,0,0,0,0,0,0
455,none,2018,PP,Worthington,0,0,0,0,0,0,0,0,0,0,0,0,0,0,0,0,0,0,0,0,0,0,0,0,0,0